name,church,city,email,whatsapp
"Team National Shrine Cathedral of Our Lady of Guadalupe","National Shrine Cathedral of Our Lady of Guadalupe","Dallas","","+12148711362"
"Team Watermark Community Church","Watermark Community Church","Dallas","info@watermark.org","+12143612275"
"Team First Baptist Church","First Baptist Church","Dallas","info@firstdallas.org","+12149690111"
"Team Trinity Church Dallas","Trinity Church Dallas","Dallas","","+12145287343"
"Team Fellowship Church","Fellowship Church","Dallas","fcplanningcenter@fellowshipchurch.com","+19724715700"
"Team Gateway Church Dallas Campus","Gateway Church Dallas Campus","Dallas","","+14698017250"
"Team First Presbyterian Church of Dallas","First Presbyterian Church of Dallas","Dallas","marthai@fpcdallas.org","+12147488051"
"Team Church In Dallas","Church In Dallas","Dallas","office@churchindallas.org","+12144449446"
"Team Fellowship Dallas","Fellowship Dallas","Dallas","info@fellowshipdallas.org","+12147393881"
"Team Oak Cliff Bible Fellowship","Oak Cliff Bible Fellowship","Dallas","Johndoe@gmail.com","+12146729100"
"Team Shoreline City Church","Shoreline City Church","Dallas","info@shorelinecity.church","+14692707628"
"Team UPPERROOM Dallas","UPPERROOM Dallas","Dallas","","+19725908555"
"Team Northwest Bible Church","Northwest Bible Church","Dallas","connect@northwestbible.org","+14694537777"
"Team Concord Church","Concord Church","Dallas","","+12143318522"
"Team The Life Church - Dallas","The Life Church - Dallas","Dallas","office@tlcdallas.com","+12143529954"
"Team Dallas Bible Church","Dallas Bible Church","Dallas","","+19727703500"
"Team Social Dallas","Social Dallas","Dallas","","+19729223350"
"Team East Dallas Christian Church","East Dallas Christian Church","Dallas","","+12148248185"
"Team Cathedral Of Hope","Cathedral Of Hope","Dallas","","+12143511901"
"Team Trinity Bible Church of Dallas","Trinity Bible Church of Dallas","Dallas","admin@trinitybibledallas.org","+12147929805"
"Team St. Jude Chapel","St. Jude Chapel","Dallas","","+12147422508"
"Team San Juan Diego Catholic Church","San Juan Diego Catholic Church","Dallas","receptionist@sanjuandiegodallas.org","+12142714691"
"Team St. Patrick Catholic Church","St. Patrick Catholic Church","Dallas","","+12143487380"
"Team Christ the King Catholic Church","Christ the King Catholic Church","Dallas","user@domain.com","+12143651200"
"Team Grace Cathedral Church Of God In Christ","Grace Cathedral Church Of God In Christ","Dallas","","+12143029140"
"Team Church of the Incarnation","Church of the Incarnation","Dallas","info@incarnation.org","+12145215101"
"Team St. Monica Catholic Church","St. Monica Catholic Church","Dallas","","+12143581453"
"Team Holy Trinity Catholic Church","Holy Trinity Catholic Church","Dallas","","+12145268555"
"Team Highland Park United Methodist Church","Highland Park United Methodist Church","Dallas","","+12145213111"
"Team All Saints Catholic Church","All Saints Catholic Church","Dallas","","+19727780301"
"Team Catholic Diocese of Dallas","Catholic Diocese of Dallas","Dallas","","+12145282240"
"Team Perkins Chapel","Perkins Chapel","Dallas","perkins@mail.smu.edu","+12147688436"
"Team Bella Donna Chapel","Bella Donna Chapel","Dallas","","+19728367718"
"Team Thanks-Giving Square","Thanks-Giving Square","Dallas","user@domain.com","+12149691977"
"Team Hidden Pines Chapel | Highland Village","Hidden Pines Chapel | Highland Village","Dallas","","+19723177464"
"Team Chapel at Riverwalk","Chapel at Riverwalk","Dallas","","+19723177464"
"Team Marty Leonard Community Chapel","Marty Leonard Community Chapel","Dallas","","+18172552576"
"Team Chapel at Ana Villa","Chapel at Ana Villa","Dallas","","+19723177464"
"Team Winners Chapel International Dallas","Winners Chapel International Dallas","Dallas","user@domain.com","+12147749078"
"Team Pilgrim Chapel","Pilgrim Chapel","Dallas","","+12143337100"
"Team Calvary Chapel Dallas","Calvary Chapel Dallas","Dallas","info@ccdallastx.com","+19725168851"
"Team Victory Chapel Dallas","Victory Chapel Dallas","Dallas","info@vchapel.org","+12144848805"
"Team White Rock Chapel","White Rock Chapel","Dallas","","+19729800164"
"Team The Chapel of the Cross","The Chapel of the Cross","Dallas","office@thechapelofthecross.com","+12145216062"
"Team Believers Chapel","Believers Chapel","Dallas","","+19722395371"
"Team King's Dallas","King's Dallas","Dallas","","+12143905237"
"Team Hidden Pines Chapel | Hurst","Hidden Pines Chapel | Hurst","Dallas","","+19723177464"
"Team Little Chapel in-the-Woods","Little Chapel in-the-Woods","Dallas","LittleChapel@twu.edu","+19408983516"
"Team Interfaith Peace Chapel","Interfaith Peace Chapel","Dallas","","+12143511901"
"Team Cross Point Church","Cross Point Church","Nashville","","+16152984422"
"Team The Belonging Co","The Belonging Co","Nashville","","+16156568777"
"Team Nashville Life Church","Nashville Life Church","Nashville","user@domain.com","+16158384117"
"Team Belmont Church","Belmont Church","Nashville","info@belmont.org","+16152562123"
"Team Cornerstone Nashville","Cornerstone Nashville","Nashville","info@cornerstonenashville.org","+16158656655"
"Team Christ Church Nashville","Christ Church Nashville","Nashville","communications@ccnash.org","+16158346171"
"Team The Life Church - Nashville","The Life Church - Nashville","Nashville","","+19012059193"
"Team The Church In Nashville","The Church In Nashville","Nashville","mail@churchinashville.org","+16153333588"
"Team Citipointe Church Nashville","Citipointe Church Nashville","Nashville","nashville@citipointechurch.com","+16152355675"
"Team Church of the City - Downtown","Church of the City - Downtown","Nashville","info@churchofthecity.com",""
"Team Highland Park Church","Highland Park Church","Nashville","","+16153525710"
"Team Christ Church Cathedral","Christ Church Cathedral","Nashville","","+16152557729"
"Team Fellowship Nashville","Fellowship Nashville","Nashville","thoeks@fbctn.org","+16156564426"
"Team Nashville First Baptist Church","Nashville First Baptist Church","Nashville","","+16156646000"
"Team We Are Church Nashville","We Are Church Nashville","Nashville","shantel@wearechurchnashville.com","+16154450240"
"Team Grace Church: Nashville","Grace Church: Nashville","Nashville","gracechurchnashville@yahoo.com","+16155998057"
"Team Way Church","Way Church","Nashville","info@waychurch.com","+16292881400"
"Team St. Mary of the Seven Sorrows","St. Mary of the Seven Sorrows","Nashville","","+16152561704"
"Team Hope Church","Hope Church","Nashville","user@domain.com","+16155436464"
"Team Immanuel Nashville","Immanuel Nashville","Nashville","office@immanuelnashville.com",""
"Team Cathedral of the Incarnation","Cathedral of the Incarnation","Nashville","example@mysite.com","+16153272330"
"Team Church Of The Holy Rosary","Church Of The Holy Rosary","Nashville","user@domain.com","+16158894065"
"Team Iglesia Sagrado Corazon de Jesus","Iglesia Sagrado Corazon de Jesus","Nashville","","+16153913714"
"Team The Diocese of Nashville","The Diocese of Nashville","Nashville","john.hammond@dioceseofnashville.com","+16153836393"
"Team Christ the King Catholic Church","Christ the King Catholic Church","Nashville","","+16152922884"
"Team St. Henry Catholic Church","St. Henry Catholic Church","Nashville","user@domain.com","+16153522259"
"Team Our Lady Guadalupe Catholic Church","Our Lady Guadalupe Catholic Church","Nashville","olog3112@gmail.com","+16153338660"
"Team Assumption Church","Assumption Church","Nashville","","+16152562729"
"Team St. Patrick Catholic Church","St. Patrick Catholic Church","Nashville","","+16152566498"
"Team Holy Name Catholic Church","Holy Name Catholic Church","Nashville","","+16152548847"
"Team Glendale United Methodist Church - Nashville","Glendale United Methodist Church - Nashville","Nashville","steph@glendaleumc.org","+16152976233"
"Team Greater Nashville Church","Greater Nashville Church","Nashville","","+16152806170"
"Team St. Ann Catholic Church","St. Ann Catholic Church","Nashville","","+16152981782"
"Team The Downtown Presbyterian Church","The Downtown Presbyterian Church","Nashville","info@dpchurch.com","+16152547584"
"Team Rhinestone Wedding Chapel","Rhinestone Wedding Chapel","Nashville","","+16155968100"
"Team White Velvet Chapel | Weddings & Elopements Nashville","White Velvet Chapel | Weddings & Elopements Nashville","Nashville","user@domain.com",""
"Team Skinner Chapel at Scarritt Bennett Center","Skinner Chapel at Scarritt Bennett Center","Nashville","weddings@scarrittbennett.org","+16153407500"
"Team The Village Chapel","The Village Chapel","Nashville","","+16152974747"
"Team Rich Events","Rich Events","Nashville","","+16153052021"
"Team Wightman Chapel at Scarritt Bennett Center","Wightman Chapel at Scarritt Bennett Center","Nashville","weddings@scarrittbennett.org","+16153407500"
"Team The Chapel at Firefly Lane","The Chapel at Firefly Lane","Nashville","info@ndiscovered.com","+18653813870"
"Team The Chapel At Three Oaks","The Chapel At Three Oaks","Nashville","Caitlyn@3oakschurch.com","+16159891515"
"Team TN Tiny Weddings","TN Tiny Weddings","Nashville","","+16156868367"
"Team Scarritt Bennett Center","Scarritt Bennett Center","Nashville","sales@scarrittbennett.org","+16153407500"
"Team Marry Me of Tennessee","Marry Me of Tennessee","Nashville","","+16155620952"
"Team Calvary Chapel Nashville","Calvary Chapel Nashville","Nashville","","+16157397800"
"Team Chapel at High Point Farm","Chapel at High Point Farm","Nashville","chapelathighpointfarm@gmail.com","+16155843854"
"Team Benton Chapel","Benton Chapel","Nashville","","+16153222776"
"Team Nashville Gospel Chapel","Nashville Gospel Chapel","Nashville","","+16157149584"
"Team Nashvows - Rev. Todd Rodarmel","Nashvows - Rev. Todd Rodarmel","Nashville","","+16156011151"
"Team Belmont University Chapel","Belmont University Chapel","Nashville","","+16154606000"
"Team Clementine Hall","Clementine Hall","Nashville","heythere@dragonpark.co","+16158003635"
"Team Mint Springs Farm","Mint Springs Farm","Nashville","info@mintspringsfarmtn.com","+16152125529"
"Team Passion City Church","Passion City Church","Atlanta","","+14042317080"
"Team Ebenezer Baptist Church","Ebenezer Baptist Church","Atlanta","","+14046887300"
"Team United Church Atlanta","United Church Atlanta","Atlanta","Info@unitedchurchatlanta.com","+14048007402"
"Team Buckhead Church","Buckhead Church","Atlanta","","+14048147000"
"Team Mount Paran Church","Mount Paran Church","Atlanta","jane@email.com","+14049238700"
"Team Cathedral of Christ the King","Cathedral of Christ the King","Atlanta","ask@ctking.com","+14042332145"
"Team LIFE Church of Atlanta","LIFE Church of Atlanta","Atlanta","","+14043441899"
"Team Grace Midtown Church","Grace Midtown Church","Atlanta","user@domain.com","+14042369123"
"Team Peachtree Christian Church","Peachtree Christian Church","Atlanta","user@domain.com","+14048765535"
"Team House of Hope Atlanta","House of Hope Atlanta","Atlanta","","+14042439336"
"Team The Church of The Apostles","The Church of The Apostles","Atlanta","","+14048420200"
"Team Big Bethel AME Church","Big Bethel AME Church","Atlanta","jesus.saves@bigbethelame.org","+14048279707"
"Team Cornerstone Church","Cornerstone Church","Atlanta","user@domain.com","+14045076131"
"Team North Point Community Church","North Point Community Church","Atlanta","","+16788925000"
"Team Atlanta Dream Center Church","Atlanta Dream Center Church","Atlanta","info@atlantadreamcenter.com","+17705451252"
"Team Impact Church","Impact Church","Atlanta","info@impactdcd.org","+14045772826"
"Team Community Church Atlanta","Community Church Atlanta","Atlanta","info@ccogatl.org","+14047554100"
"Team Victory Church - Midtown","Victory Church - Midtown","Atlanta","%20discoveratl@victoryatl.com","+17708499400"
"Team Vision Church of Atlanta","Vision Church of Atlanta","Atlanta","","+14046229470"
"Team Basilica of the Sacred Heart of Jesus","Basilica of the Sacred Heart of Jesus","Atlanta","","+14045226800"
"Team The dReam Center Church of Atlanta","The dReam Center Church of Atlanta","Atlanta","admin@thedreamcenterchurch.org","+17703969884"
"Team Catholic Shrine of the Immaculate Conception","Catholic Shrine of the Immaculate Conception","Atlanta","contactus@catholicshrineatlanta.org","+14045211866"
"Team Our Lady of Lourdes Catholic Church","Our Lady of Lourdes Catholic Church","Atlanta","","+14045226776"
"Team Passion City Church Cumberland","Passion City Church Cumberland","Atlanta","","+14042317080"
"Team St John's Catholic Church","St John's Catholic Church","Atlanta","mjardin@stjohnevangelist.net","+14047685647"
"Team First Presbyterian Church of Atlanta","First Presbyterian Church of Atlanta","Atlanta","user@domain.com","+14048928461"
"Team St. Luke's Episcopal Church","St. Luke's Episcopal Church","Atlanta","michelle@stlukesatlanta.org","+14048737600"
"Team Catholic Archdiocese of Atlanta","Catholic Archdiocese of Atlanta","Atlanta","pchilds@archatl.com","+14049207800"
"Team Holy Cross Catholic Church","Holy Cross Catholic Church","Atlanta","","+17709393501"
"Team International Grace Church of Atlanta","International Grace Church of Atlanta","Atlanta","","+14049182599"
"Team The Chapel on Sycamore","The Chapel on Sycamore","Atlanta","info@sycamorechapel.com","+14045934595"
"Team Free Chapel Midtown","Free Chapel Midtown","Atlanta","","+16786778300"
"Team Chapelhill Church - Atlanta","Chapelhill Church - Atlanta","Atlanta","%20shanika.joshua@chapelhill.cc","+17702930770"
"Team Pristine Chapel Lakeside","Pristine Chapel Lakeside","Atlanta","info@pristinechapellakeside.com","+16785652900"
"Team Ashton Gardens | Atlanta","Ashton Gardens | Atlanta","Atlanta","","+14048858503"
"Team The Wimbish House","The Wimbish House","Atlanta","user@domain.com","+14048708833"
"Team Juliette Chapel and Events","Juliette Chapel and Events","Atlanta","","+16789788490"
"Team Interfaith Airport Chapel","Interfaith Airport Chapel","Atlanta","ATLchapel.org@gmail.com","+14047621051"
"Team The Mobile Officiant of Atlanta LLC","The Mobile Officiant of Atlanta LLC","Atlanta","user@domain.com","+17702857366"
"Team Martin Luther King Jr. International Chapel at Morehouse College","Martin Luther King Jr. International Chapel at Morehouse College","Atlanta","kingchapel@morehouse.edu","+14042152608"
"Team Cecil B. Day Chapel","Cecil B. Day Chapel","Atlanta","","+14044205100"
"Team Free Chapel | Gainesville Campus","Free Chapel | Gainesville Campus","Atlanta","","+16786778300"
"Team The Chapel on McEver","The Chapel on McEver","Atlanta","","+16784242735"
"Team Tender Moments by Minister Thompson","Tender Moments by Minister Thompson","Atlanta","impallari@gmail.com","+16783693308"
"Team Cannon Chapel","Cannon Chapel","Atlanta","religiouslife@emory.edu","+14047276325"
"Team Interfaith Chapel","Interfaith Chapel","Atlanta","ATLchapel.org@gmail.com","+14047621051"